Roberto;Sanchez;roberto.s@email.com;roberto_s;España;roberto456
Sofia;Garcia;sofia.g@email.com;sofia_g;Mexico;sofia789
Diego;Torres;diego.t@email.com;diego_t;Argentina;diego123
Ana;Martinez;ana.m@email.com;ana_m;Colombia;ana789
Carlos;Lopez;carlos.l@email.com;carlos_l;Peru;carlos321
Maria;Rodriguez;maria.r@email.com;maria_r;Chile;maria654
Pedro;Gonzalez;pedro.g@email.com;pedro_g;Uruguay;pedro987
Lucia;Fernandez;lucia.f@email.com;lucia_f;Ecuador;lucia123
Miguel;Sanchez;miguel.s@email.com;miguel_s;Venezuela;miguel456
gorka;ortuzar;g@gmail.com;gr12;españa;g123
